"id","SGabor","SLetter","SPi","TGabor","TLetter","TPi","OSpan","CSpan","Corsi","Matrix"
2,-0.290208660990767,0.932133468372118,-2.19278323423915,-0.266844638170847,0.543503473060416,-0.870608210031819,-0.115982301661819,0.0776434663300812,-0.415165490323849,-1.02594099435736
3,0.399063378744106,0.270102225408121,NA,-0.291702432119021,0.858107107356828,0.74123801698012,0.225905826371156,-0.727809462164801,0.406366221742803,-0.723518089304254
4,0.343503338268017,-0.0466713436969571,-0.721323217875336,0.972562102330899,1.76475432300829,-0.600181459290384,-0.184359927268414,-0.665851544588271,0.153587233414603,-0.723518089304254
5,-0.192837839261127,1.30626943429688,-0.0598871746066292,-0.291702432119021,1.19781032758933,0.143652522710354,-0.594625680907985,-1.03759905004745,-0.667944478652049,-0.118672279198052
6,0.393547571395224,1.56849962653022,0.0366858697045365,0.254265182665926,2.07066445494032,0.145533276570724,-0.457870429694795,-0.479977791858683,-0.9839182140623,-1.02594099435736
7,-0.186298191272405,-0.0645658846058679,-0.18162967285063,-0.472871983824975,-0.363187446818615,-0.376659821122823,-0.457870429694795,1.00701222997802,1.0383136925633,-0.421095184251153
8,0.294614790504381,0.627485543564999,-0.133962961629518,0.22664736163055,1.05912016024449,-0.0596863151225372,-0.594625680907985,-0.975641132470918,-0.478360237405899,0.183750625855049
9,-0.267835735958259,0.809737685747985,1.07277940488103,-0.205868650845754,0.281503523888136,0.320256893579813,0.431038703190941,0.263517219059669,1.22789793380946,-0.118672279198052
10,-0.358213715306209,-0.39223491988536,0.15150737371431,0.402106142945112,0.520016579939522,-0.610531786153812,-1.34677956258053,-0.975641132470918,-0.604749731569999,-0.723518089304254
11,0.362123209177562,2.18847966490563,0.681631369232263,-0.0825108744333374,1.31287582114662,-0.0576336152470243,-0.115982301661819,-0.727809462164801,0.406366221742803,1.39344224606745
12,0.337897672492269,0.0334623817793278,-0.0148743743989544,0.420838636614516,-0.216616218657535,-0.700321609403187,-1.07326906015415,-1.34738863793009,1.16470318672741,1.09101934101435
13,-0.669498636331676,-0.272674772439593,-0.592100031554039,0.251753617872394,0.353763589398771,0.0791302905055147,-1.14164668576075,-1.16151488520051,-0.604749731569999,-1.02594099435736
15,0.218018556023887,-0.894938960274965,-1.47009190793433,-0.586251044043387,-1.64748660437134,-0.0332628575735927,-1.00489143454756,-0.913683214894389,0.406366221742803,-1.02594099435736
16,0.489715190234696,-1.27149104020451,-0.595462337291978,NA,0.520016579939522,-0.257945095991052,-0.3894928040882,-0.975641132470918,-0.794333972816149,-0.421095184251153
17,-0.335395702327947,-0.943687137826562,-2.29113068587849,-1.13120783937753,0.321683779039595,0.0304932230350621,-0.731380932121175,-0.913683214894389,-1.42628144363665,-0.118672279198052
18,-0.644527962539886,-0.0466713436969571,-0.534400449501913,-0.96979915549448,-1.81086492833086,-0.216031414625079,0.0207729495513708,0.511348889365787,-0.604749731569999,-1.02594099435736
19,-0.100270116765286,-0.692738452318749,1.35203731826809,-0.686749326731433,-1.24229550405612,1.36909855853086,-1.34677956258053,-0.665851544588271,0.722339957153054,1.39344224606745
20,0.13174536164406,2.14544081460672,-0.127248804225283,0.462497741369789,0.313735219230246,-0.374307219440934,-0.594625680907985,0.759180559671905,0.722339957153054,1.39344224606745
21,NA,0.356352576868874,1.54152772277131,NA,1.16877140011467,1.83772833776056,1.73021358971625,2.4320443342382,1.79665065754791,1.99828805617365
23,-0.536760061843601,-0.091467539534646,0.133785510184856,-0.86521547940196,-1.41776470980028,-1.45368260946184,-1.48353481379372,-0.913683214894389,-0.351970743241798,1.69586515112055
24,-0.677025311766543,-0.263536444380181,0.0638245451898893,-1.76330864105898,-0.156931227807534,-0.469845070218975,-0.93651380894096,0.20155930148314,-1.4894761907187,-1.32836389941046
25,-0.395040220639334,-0.0020738012649895,-0.912718968882319,-0.24228158853157,0.605780591494575,-1.13091227854586,0.978059708043702,0.573306806942316,-0.0359970078315476,-0.421095184251153
26,1.10572208021781,0.568796668908292,2.74350594127424,-1.24803337569456,-0.864971912839043,NA,1.38832546168327,0.573306806942316,-0.415165490323849,1.99828805617365
27,-0.208145526555763,0.593990993577637,0.157375991942405,-0.114210719527964,-0.0977893443538412,1.22907571909055,0.362661077584346,-0.913683214894389,0.279976727578703,-1.02594099435736
28,-0.171087174248115,0.390646657287686,0.517923714242391,0.254265182665926,-0.754941617545912,-0.84184686278825,1.66183596410965,-1.16151488520051,0.279976727578703,0.48617353090815
29,-0.451029693185992,-0.84642594127173,0.0366858697045365,0.961347699634734,0.249149004037243,0.352975358327585,0.636171580010727,-1.16151488520051,-1.868644673211,-0.723518089304254
30,-1.68202606320301,-0.327679810223284,0.343702456780821,-1.09202073649569,-2.59954017164099,-0.22480138961134,-0.184359927268414,0.449390971789258,0.343171474660753,-0.118672279198052
33,-0.236756032748201,NA,NA,0.0157454397072173,0.175989217887154,0.186336298012989,-0.93651380894096,0.759180559671905,-0.0359970078315476,-1.63078680446356
34,-1.30036725705953,-0.9339185801499,-0.912718968882319,0.0458634459686986,-0.148529826437888,0.111615383440703,-1.07326906015415,-0.913683214894389,0.0903924863325527,-1.32836389941046
35,0.184941658001638,-0.885217616514215,-0.636027193501337,-0.614525121144937,0.0774517772114092,0.616345448492876,0.294283451977751,0.635264724518846,-2.5005921440315,0.48617353090815
37,-0.312728006731535,0.200565358304436,-0.748141745045922,0.635281125521541,-0.3806909586202,-0.600181459290384,-0.25273755287501,0.263517219059669,1.0383136925633,0.183750625855049
38,-0.512731027408662,-0.616766575727558,0.936766860047855,0.467071790237689,-0.268073991007935,-0.126002073966059,-0.93651380894096,-0.108230286399507,-0.288775996159748,0.48617353090815
39,0.267999623298903,0.627485543564999,-1.01224544022516,0.467071790237689,0.143352259847668,0.306316845262509,0.567793954404131,0.325475136636199,0.911924198399205,0.788596435961251
40,-1.9622168937582,0.475873687171347,-1.22883662940401,-0.949354738794374,1.41222845094165,-0.123921475842376,0.294283451977751,1.19288598270761,-0.478360237405899,-0.118672279198052
42,0.248861955792974,-1.4857977961453,-0.388290772910315,-0.814517518846903,0.0444330994078492,-0.71921654492348,-0.868136183334365,0.20155930148314,-2.5005921440315,0.183750625855049
43,-0.778986660472148,-1.02217908232828,0.405126739840841,-0.841695411506838,0.28960313412004,1.49907687018716,1.86696884092944,1.06897014755455,1.22789793380946,1.99828805617365
44,-0.349068344480387,-0.346081881848997,-1.59786071107247,-0.230068694959819,-1.2519975343627,-0.374307219440934,1.45670308728987,-0.232146121552566,0.659145210071004,-0.118672279198052
45,NA,-1.26139898783988,NA,-1.06623885858564,-1.44736540374902,-3.019839982591,-1.41515718818713,-0.913683214894389,-0.162386501995648,-0.421095184251153
46,-1.33972735953924,-2.67804882881386,-1.00818303344189,0.13398575237478,-0.406882907726878,0.171566479482922,-1.8254229418267,-0.665851544588271,-1.55267093780075,-1.32836389941046
47,0.0857721502180833,-0.57899477794512,-0.120555866261225,-0.95749984122098,-1.11788078068499,-0.0131673982511899,-0.52624805530139,0.945054312401493,-0.8575287198982,-0.723518089304254
48,-0.865440499100742,-0.711821435914486,0.408255642333481,-0.0175065965874098,-0.920526436521392,-0.824742378148509,0.499416328797536,0.0776434663300812,-0.0359970078315476,0.788596435961251
49,0.059512986254105,-0.503874134822695,-0.120555866261225,-0.426324687411047,-0.199575364880979,-0.43593830679277,0.225905826371156,-1.03759905004745,-0.9839182140623,-0.118672279198052
60,-0.778986660472148,0.407749942596086,-0.129927882082499,1.23245145943467,0.297574307189633,-0.053564218256896,-1.8254229418267,-0.665851544588271,-0.731139225734099,-0.723518089304254
61,0.151543711704831,0.156859381920082,0.628765898789532,1.08197865072948,0.464920383439099,0.651207546023876,-0.25273755287501,-0.665851544588271,0.595950462988954,-1.32836389941046
62,0.792693308787198,1.67452034543308,NA,2.28813328582359,0.744341970248663,1.99314521904757,0.636171580010727,2.61791808696779,1.67026116338381,1.09101934101435
66,-0.326310697056493,-1.63124889634649,-0.426595211617638,-1.0322362351144,-1.94610195555459,-0.47717039407522,1.0464373336503,-0.541935709435213,1.29109268089151,0.48617353090815
67,0.287031440332746,0.407749942596086,0.0515386072297275,-0.161098226475456,-0.995122285090754,0.0791302905055147,1.11481495925689,0.759180559671905,-0.0359970078315476,-0.118672279198052
68,-0.529533716000405,-0.569573953520925,0.344782008610516,0.48988329865927,-0.354579559358853,-0.307438833628705,1.59345833850306,1.68854932331985,1.35428742797356,-0.421095184251153
69,3.02961831616132,1.70460781540659,1.17389526944235,2.46504657868781,-0.459510454147089,0.967270185657006,2.89263322502836,1.93638099362596,1.67026116338381,1.69586515112055
71,0.411899314883262,2.28110340245494,-0.448340061705993,0.154868221632801,1.219497456747,0.71356295470249,0.0207729495513708,0.325475136636199,0.343171474660753,0.48617353090815
72,-0.106648142220035,-0.616766575727558,-0.154254495692353,-0.199866955647741,0.00279088445119609,-0.341791542278983,0.0891505751579659,0.883096394824963,-1.93183942029305,-1.02594099435736
77,0.525317615945189,1.59890548291191,0.934329400038584,1.27238983342893,1.39102867351322,0.363217886091743,0.294283451977751,1.56463348816679,1.54387166921971,1.69586515112055
79,-0.458092871336937,1.05305752253995,1.37592949630182,0.206330212921104,0.441214795331662,0.316766682029183,0.0207729495513708,-0.975641132470918,0.216781980496653,0.183750625855049
80,0.210264313310969,0.130544331569799,0.586077340994355,0.28653619333659,-0.58354705239437,0.546570402279566,1.31994783607668,0.511348889365787,0.785534704235104,-0.723518089304254
81,0.337897672492269,-0.503874134822695,0.972193669970933,0.774588123583351,1.28422844206558,0.537106705218187,0.704549205617322,1.31680181786067,0.975118945481255,1.39344224606745
82,-0.498393741050781,-1.15104972835466,-0.826968374874748,-2.00156969295225,-1.05153781789412,-0.172735694426564,-0.93651380894096,0.573306806942316,-0.225581249077698,0.183750625855049
83,0.0452899921425812,-0.616766575727558,NA,-1.05344863203321,-1.56681107846518,-0.421567194330789,0.294283451977751,0.635264724518846,0.406366221742803,0.48617353090815
84,-0.106648142220035,-0.45720709360013,-1.49555874818356,0.510224063076386,0.767217272566783,-0.713808095994337,-0.321115178481605,0.139601383906611,0.532755715906904,-0.723518089304254
85,-0.505554916887675,-0.22706594443813,-1.093267443107,0.288975541963392,0.200445923832623,-1.09555498676411,-1.00489143454756,-0.665851544588271,-0.794333972816149,-0.118672279198052
86,0.324782161795233,2.08776765676123,2.11863874466189,-0.912941801108557,-0.864971912839043,-0.289300428953729,-1.00489143454756,-0.913683214894389,1.22789793380946,0.788596435961251
87,-0.186298191272405,0.727305016533855,-0.550736793367913,-0.896909883651451,0.480766180018406,0.285275102793591,-0.868136183334365,-0.913683214894389,0.469560968824854,-1.02594099435736
88,0.787774160347322,0.0423268418838049,-0.908842892933062,1.19354137258805,0.644574491460313,-0.0495019364893113,1.79859121532284,-0.232146121552566,0.975118945481255,-0.421095184251153
89,-0.164588694983904,-1.15104972835466,0.831898277868678,0.315942120409705,-0.72765540683287,0.432041946627661,0.499416328797536,0.573306806942316,0.785534704235104,-1.02594099435736
90,0.0391763800854084,-0.410755605299256,-0.20238538213363,2.03534932653754,-0.547865584219234,0.700341246017062,1.31994783607668,0.635264724518846,0.0271977392505025,1.09101934101435
91,-0.745516685604364,0.0777067529118136,-0.448340061705993,-0.227059108862687,-0.718534099932651,0.024588939257286,-0.457870429694795,-1.09955696762398,-0.0991917549135978,-1.02594099435736
92,1.58923592662913,0.988745684907814,NA,1.28390088970504,1.2122384370545,NA,0.362661077584346,1.25484390028414,0.911924198399205,1.39344224606745
93,-0.0225646976510875,-0.513233585788985,1.30616214163734,-1.13120783937753,-1.13687025927268,-0.00716650533006156,-0.0476046760552243,-1.34738863793009,0.0271977392505025,-1.02594099435736
94,-0.192837839261127,0.21799470293986,-0.0379076051781813,-0.134622261244035,-0.319845532201358,-0.546652207114006,0.636171580010727,1.06897014755455,-0.667944478652049,-0.723518089304254
95,-0.652000156024901,0.826143446869776,-0.549090106088232,-0.814517518846903,0.281503523888136,-1.21001215362075,-0.115982301661819,-1.34738863793009,0.659145210071004,-0.118672279198052
96,0.641970948219638,-1.46518973701304,-0.0482190991761973,-0.436228709592444,-0.450672565129581,-0.318821969559561,0.157528200764561,0.139601383906611,-1.04711296114435,-0.723518089304254
97,-0.358213715306209,-0.560161945966919,-0.449910215234519,-0.628811905610541,-0.242306121612203,-0.431150040439236,-0.52624805530139,-1.34738863793009,-0.162386501995648,-0.723518089304254
100,0.572803920914126,1.19627286059613,1.23047942320823,0.160051501031908,-0.0808588645747945,-0.162044674054358,2.27723459456901,1.31680181786067,1.98623489879406,1.69586515112055
102,-0.797144717109348,0.809737685747985,1.05442392413324,-0.316766935341178,2.5468906520423,0.533951466971379,0.431038703190941,-1.34738863793009,-0.415165490323849,-1.63078680446356
103,0.852791564666437,0.735578755657377,1.46509763741841,0.861941371895605,2.69981569140951,0.865260628222511,-0.115982301661819,0.573306806942316,-1.04711296114435,1.69586515112055
104,-0.677025311766543,-1.715318178705,-0.950003802524169,-1.09202073649569,0.16790302065788,-1.96842262332844,1.0464373336503,-0.294104039129095,-0.415165490323849,1.09101934101435
105,0.319145889040092,1.25927528645888,0.156214133875004,-0.986315259937704,-0.250929649933151,-0.374307219440934,-0.0476046760552243,1.13092806513108,-1.42628144363665,0.183750625855049
106,-0.441634619096339,NA,-0.217729570035613,0.0809295982892313,-0.800568616838209,-0.0171665900567941,-1.55191243940032,-0.665851544588271,-1.17350245530845,-0.723518089304254
107,-0.512731027408662,-0.355295560310609,0.102717886288097,0.987426217535449,0.361794591318689,0.508482099815487,-0.115982301661819,1.99833891120249,-1.55267093780075,1.09101934101435
109,-0.395040220639334,-0.616766575727558,-1.77432646425931,-0.120050243505593,-0.0808588645747945,-2.4637472905775,-1.41515718818713,-1.34738863793009,0.532755715906904,-1.02594099435736
